epoch,time,train/box_loss,train/cls_loss,train/dfl_loss,metrics/precision(B),metrics/recall(B),metrics/mAP50(B),metrics/mAP50-95(B),val/box_loss,val/cls_loss,val/dfl_loss,lr/pg0,lr/pg1,lr/pg2
1,599.64,0.893,1.08861,1.23215,0.84552,0.75463,0.86396,0.68706,0.88964,1.01848,1.15139,0.0700186,0.00333127,0.00333127
2,1205.74,0.7767,0.74751,1.13674,0.89194,0.76715,0.88452,0.6901,0.95977,1.02533,1.22589,0.0400121,0.00665809,0.00665809
3,1802.94,0.83605,0.83329,1.16896,0.87593,0.70055,0.82496,0.63542,0.97059,1.28932,1.26388,0.00997957,0.00995891,0.00995891
